法人名稱,違規次數,主要主管機關,最近公告,排除理由,產業推測,需人工判斷
南山人壽保險股份有限公司,208,桃園市,20260814,,金融/保險,True
家福股份有限公司,114,桃園市,20250916,,其他,True
國光汽車客運股份有限公司,78,新北市,20260514,,客運/運輸,True
台灣宅配通股份有限公司,69,桃園市,20260311,,客運/運輸,True
交通部台灣鐵路管理局,65,基隆市,20240110,,客運/運輸,True
桃園汽車客運股份有限公司,61,桃園市,20260709,,客運/運輸,True
強固保全股份有限公司,60,桃園市,20260311,保全/物業/清潔,其他,False
嘉賀保全股份有限公司,58,台北市,20260812,保全/物業/清潔,其他,False
東京都保全股份有限公司,57,新北市,20260615,保全/物業/清潔,其他,False
先鋒保全股份有限公司,54,高雄市,20260814,保全/物業/清潔,其他,False
台灣中油股份有限公司,51,高雄市,20260410,,其他,True
嘉里大榮物流股份有限公司,50,桃園市,20260408,,客運/運輸,True
花蓮汽車客運股份有限公司,49,花蓮縣,20250307,,客運/運輸,True
基隆汽車客運股份有限公司,48,新北市,20260814,,客運/運輸,True
中華電信股份有限公司,47,台北市,20260815,,電信/媒體/科技,True
中華航空股份有限公司,47,桃園市,20260812,,客運/運輸,True
台灣士瑞克保全股份有限公司,44,桃園市,20260610,保全/物業/清潔,其他,False
光泉食品股份有限公司,44,桃園市,20260812,,餐飲/旅宿,True
全球人壽保險股份有限公司,43,台北市,20260715,,金融/保險,True
國興保全股份有限公司,43,桃園市,20260815,保全/物業/清潔,其他,False
長榮航空股份有限公司,42,桃園市,20260709,,客運/運輸,True
台灣怡和保全股份有限公司,40,國家科學及技術委員會新竹科學園區,20260814,保全/物業/清潔,其他,False
全聯實業股份有限公司,39,台北市,20260513,,零售/量販/超商,True
龍邦保全股份有限公司,37,台南市,20260710,保全/物業/清潔,其他,False
威合股份有限公司,35,台北市,20260611,,其他,True
巨龍保全股份有限公司,35,桃園市,20260715,保全/物業/清潔,其他,False
台灣積體電路製造股份有限公司,35,科技部新竹科學園區,20260401,,其他,True
路易威鐙保全股份有限公司,35,台北市,20260713,保全/物業/清潔,其他,False
新竹物流股份有限公司,34,台南市,20260206,,客運/運輸,True
台業保全股份有限公司,34,新北市,20260615,保全/物業/清潔,其他,False
山隆通運股份有限公司,34,宜蘭縣,20260210,,客運/運輸,True
誼光保全股份有限公司,33,台北市,20250910,保全/物業/清潔,其他,False
國聯保全股份有限公司,33,新北市,20260815,保全/物業/清潔,其他,False
富利餐飲股份有限公司,33,桃園市,20260710,,餐飲/旅宿,True
天鷹保全股份有限公司,33,台北市,20260815,保全/物業/清潔,其他,False
指南汽車客運股份有限公司,32,台北市,20260213,,客運/運輸,True
豐達保全股份有限公司,32,新北市,20260213,保全/物業/清潔,其他,False
台灣富士全錄股份有限公司,32,台北市,20200205,,其他,True
西北保全股份有限公司,32,桃園市,20260814,保全/物業/清潔,其他,False
敬鵬工業股份有限公司,32,桃園市,20260113,,其他,True
萊爾富國際股份有限公司,31,台北市,20260814,,其他,True
全家便利商店股份有限公司,31,台北市,20260715,,其他,True
香港商世界健身事業有限公司,31,桃園市,20260107,,其他,True
富鄰保全股份有限公司,31,桃園市,20240802,保全/物業/清潔,其他,False
寶雅國際股份有限公司,30,桃園市,20260211,,其他,True
亞東保全股份有限公司,30,台北市,20260814,保全/物業/清潔,其他,False
味全食品工業股份有限公司,29,新北市,20260310,,餐飲/旅宿,True
日月光半導體製造股份有限公司,29,加工出口區管理處,20251203,,電信/媒體/科技,True
統聯汽車客運股份有限公司,29,新北市,20260710,,客運/運輸,True
府城汽車客運股份有限公司,28,台南市,20260210,,客運/運輸,True
中華紙漿股份有限公司,28,花蓮縣,20260306,,其他,True
宏華國際股份有限公司,28,桃園市,20260610,,其他,True
中興大業巴士股份有限公司,28,台北市,20260508,,其他,True
全國電子股份有限公司,28,新北市,20251210,,電信/媒體/科技,True
饗賓餐旅事業股份有限公司,28,桃園市,20260410,,其他,True
聯安保全股份有限公司,27,新北市,20260513,保全/物業/清潔,其他,False
萬安保全股份有限公司,27,國家科學及技術委員會新竹科學園區,20250310,保全/物業/清潔,其他,False
良福保全股份有限公司,26,桃園市,20260209,保全/物業/清潔,其他,False
楠梓電子股份有限公司,26,產業園區管理局,20250408,,電信/媒體/科技,True
捷順保全股份有限公司,26,花蓮縣,20251111,保全/物業/清潔,其他,False
惠康百貨股份有限公司,26,台北市,20230217,,零售/量販/超商,True
齊家保全股份有限公司,25,桃園市,20251110,保全/物業/清潔,其他,False
震宇保全股份有限公司,25,桃園市,20260513,保全/物業/清潔,其他,False
美德耐股份有限公司,25,台北市,20260710,,其他,True
台灣屈臣氏個人用品商店股份有限公司,25,新北市,20250815,,其他,True
大成長城企業股份有限公司,25,台南市,20260810,,其他,True
萬安國際保全股份有限公司,24,台南市,20260814,保全/物業/清潔,其他,False
英業達股份有限公司,24,桃園市,20251205,,其他,True
伯克錸保全股份有限公司,24,新北市,20260213,保全/物業/清潔,其他,False
台灣順豐速運股份有限公司,24,台北市,20260710,,其他,True
雲雀國際股份有限公司,24,桃園市,20260709,,其他,True
萬洲化學股份有限公司,24,桃園市,20260513,,其他,True
誠鷹特勤保全股份有限公司,24,桃園市,20251106,保全/物業/清潔,其他,False
欣興電子股份有限公司,24,桃園市,20260812,,電信/媒體/科技,True
台灣卜蜂企業股份有限公司,23,南投縣,20260323,,其他,True
台灣善商股份有限公司,23,台北市,20260210,,其他,True
台灣電力股份有限公司,23,高雄市,20251208,,公部門/國營,True
元大商業銀行股份有限公司,23,台北市,20240905,,金融/保險,True
國雲保全股份有限公司,22,高雄市,20250528,保全/物業/清潔,其他,False
國強保全股份有限公司,22,桃園市,20260710,保全/物業/清潔,其他,False
中南海保全股份有限公司,22,高雄市,20260209,保全/物業/清潔,其他,False
宜蘭食品工業股份有限公司,22,宜蘭縣,20260409,,餐飲/旅宿,True
富通保全股份有限公司,22,桃園市,20241018,保全/物業/清潔,其他,False
寶馨實業股份有限公司,22,桃園市,20250107,,零售/量販/超商,True
千山淨水股份有限公司,21,桃園市,20260513,,其他,True
全日物流股份有限公司,21,桃園市,20260612,,客運/運輸,True
光華巴士股份有限公司,21,台北市,20260115,,其他,True
三商保全股份有限公司,21,桃園市,20260215,保全/物業/清潔,其他,False
國泰人壽保險股份有限公司,21,台北市,20260508,,金融/保險,True
台灣新光保全股份有限公司,21,台北市,20251208,保全/物業/清潔,其他,False
信東生技股份有限公司,20,桃園市,20251007,,其他,True
三商行股份有限公司,20,桃園市,20191205,,其他,True
敦泰保全股份有限公司,20,科技部新竹科學園區,20250306,保全/物業/清潔,其他,False
三重汽車客運股份有限公司,20,新北市,20260109,,客運/運輸,True
高雄汽車客運股份有限公司,20,高雄市,20260812,,客運/運輸,True
聯倉交通股份有限公司,20,桃園市,20250210,,其他,True
威務股份有限公司,20,桃園市,20260514,,其他,True
安心食品服務股份有限公司,20,台北市,20260410,,餐飲/旅宿,True
台灣航勤股份有限公司,20,台北市,20251208,,其他,True
宏亞食品股份有限公司,20,桃園市,20260209,,餐飲/旅宿,True
日東烘培事業有限公司,20,新北市,20240621,,其他,True
正信保全股份有限公司,20,新北市,20260113,保全/物業/清潔,其他,False
花旗(台灣)商業銀行股份有限公司,20,台北市,20231005,,金融/保險,True
宏遠興業股份有限公司,20,台南市,20260110,,其他,True
福和客運股份有限公司,19,基隆市,20240110,,客運/運輸,True
榮成紙業股份有限公司,19,桃園市,20260709,,其他,True
有限責任台灣禾意照顧服務勞動合作社,19,桃園市,20260215,農漁水利會,其他,False
千翔保全股份有限公司,19,桃園市,20250507,保全/物業/清潔,其他,False
悅盛保全股份有限公司,19,新北市,20260415,保全/物業/清潔,其他,False
和德昌股份有限公司,19,桃園市,20260710,,其他,True
大中華保全股份有限公司,19,基隆市,20260810,保全/物業/清潔,其他,False
國昀保全股份有限公司,19,台北市,20260812,保全/物業/清潔,其他,False
明基材料股份有限公司,18,桃園市,20260413,,其他,True
台業公寓大廈管理維護股份有限公司,18,新北市,20260615,,其他,True
欣欣客運股份有限公司,18,台北市,20250106,,客運/運輸,True
漢揚保全股份有限公司,18,桃園市,20260612,保全/物業/清潔,其他,False
王品餐飲股份有限公司,18,台北市,20260313,,餐飲/旅宿,True
萬成航空科技股份有限公司,18,台北市,20260211,,客運/運輸,True
全台物流股份有限公司,18,新北市,20260814,,客運/運輸,True
先豐通訊股份有限公司,18,桃園市,20251106,,電信/媒體/科技,True
安橋保全股份有限公司,18,國家科學及技術委員會新竹科學園區,20260815,保全/物業/清潔,其他,False
怡盛保全股份有限公司,18,台北市,20260213,保全/物業/清潔,其他,False
新光三越百貨股份有限公司,18,台北市,20260311,,零售/量販/超商,True
巨擘科技股份有限公司,18,科技部新竹科學園區,20260615,,電信/媒體/科技,True
嘉陽保全股份有限公司,18,嘉義縣,20260312,保全/物業/清潔,其他,False
太平洋電線電纜股份有限公司,18,桃園市,20260709,營造/工程/製造,其他,False
金車股份有限公司,18,桃園市,20240802,,其他,True
迅得機械股份有限公司,18,桃園市,20260410,營造/工程/製造,其他,False
中友船舶貨物裝卸承攬股份有限公司,17,基隆市,20241210,,客運/運輸,True
來來超商股份有限公司,17,新北市,20250421,,零售/量販/超商,True
中華郵政股份有限公司,17,台北市,20240705,,公部門/國營,True
世界先進積體電路股份有限公司,17,國家科學及技術委員會新竹科學園區,20260815,,其他,True
維閣實業股份有限公司,17,花蓮縣,20260510,,零售/量販/超商,True
台灣虎航股份有限公司,17,桃園市,20260513,,其他,True
浤耀保全股份有限公司,17,新北市,20260513,保全/物業/清潔,其他,False
廣達電腦股份有限公司,17,桃園市,20220706,,其他,True
永豐餘工業用紙股份有限公司,17,桃園市,20260709,,其他,True
葛瑪蘭汽車客運股份有限公司,17,宜蘭縣,20250305,,客運/運輸,True
朝陽富元教育股份有限公司,17,桃園市,20260513,,其他,True
裕利股份有限公司,17,桃園市,20240705,,其他,True
立保保全股份有限公司,16,新北市,20260410,保全/物業/清潔,其他,False
奧迪斯保全股份有限公司,16,國家科學及技術委員會新竹科學園區,20260514,保全/物業/清潔,其他,False
大同股份有限公司,16,桃園市,20260814,,其他,True
華泰電子股份有限公司,16,加工出口區管理處,20260611,,電信/媒體/科技,True
友達光電股份有限公司,16,桃園市,20250708,,電信/媒體/科技,True
台灣銀行股份有限公司,16,台北市,20251127,,金融/保險,True
台灣保全股份有限公司,16,台北市,20251110,保全/物業/清潔,其他,False
台灣國際航電股份有限公司,16,桃園市,20260710,,其他,True
爭鮮股份有限公司,16,桃園市,20260812,,其他,True
五花馬國際行銷股份有限公司,16,新北市,20260415,,其他,True
萬安生命科技股份有限公司,16,桃園市,20230801,,電信/媒體/科技,True
三商家購股份有限公司,16,台北市,20250407,,其他,True
中華映管股份有限公司,16,桃園市,20191206,,其他,True
南亞電路板股份有限公司,16,桃園市,20260513,,其他,True
志昱科技股份有限公司,16,加工出口區管理處,20240501,,電信/媒體/科技,True
富泰企業股份有限公司,16,桃園市,20251106,,其他,True
雅吉有限公司,15,桃園市,20190604,,其他,True
台灣通力電梯股份有限公司,15,新北市,20251024,,其他,True
台灣表面黏著科技股份有限公司,15,桃園市,20241209,,電信/媒體/科技,True
東森電視事業股份有限公司,15,台北市,20220105,,電信/媒體/科技,True
宏國保全股份有限公司,15,科技部新竹科學園區,20260804,保全/物業/清潔,其他,False
厚生玻璃工業股份有限公司,15,苗栗縣,20231010,,其他,True
葡萄王生技股份有限公司,15,桃園市,20241104,,其他,True
遠東新世紀股份有限公司,15,新竹縣,20251210,,其他,True
辰淵企業股份有限公司,15,新北市,20260814,,其他,True
南投汽車客運股份有限公司,15,南投縣,20260127,,客運/運輸,True
東培工業股份有限公司,15,桃園市,20240603,,其他,True
東亞運輸倉儲股份有限公司,15,桃園市,20250905,,其他,True
台新國際商業銀行股份有限公司,15,台北市,20260513,,金融/保險,True
東南汽車客運股份有限公司,15,台北市,20220207,,客運/運輸,True
穩錠實業有限公司,15,桃園市,20240816,,零售/量販/超商,True
聯華電子股份有限公司,15,國家科學及技術委員會南部科學園區,20260715,,電信/媒體/科技,True
怡全股份有限公司,15,桃園市,20260310,,其他,True
河邊股份有限公司,15,高雄市,20231206,,其他,True
米哥食品有限公司,15,新北市,20260508,,餐飲/旅宿,True
禾圓行銷有限公司,15,台北市,20260213,,其他,True
石新精材國際股份有限公司,15,花蓮縣,20220308,,其他,True
良企機電顧問股份有限公司,15,連江縣,20240205,,其他,True
致茂電子股份有限公司,15,桃園市,20260513,,電信/媒體/科技,True
力山保全股份有限公司,15,新北市,20260612,保全/物業/清潔,其他,False
香港商世界健身事業有限公司台灣分公司,15,台北市,20251110,,其他,True
中工保全股份有限公司,15,桃園市,20260814,保全/物業/清潔,其他,False
光寶科技股份有限公司,15,台北市,20260201,,電信/媒體/科技,True
三商美邦人壽保險股份有限公司,15,台北市,20240110,,金融/保險,True
笑笑笑國際股份有限公司,14,基隆市,20260814,,其他,True
仁寶電腦工業股份有限公司,14,台北市,20191008,,其他,True
財團法人元智大學,14,桃園市,20250708,學校/教育,其他,False
佳格食品股份有限公司,14,桃園市,20260415,,餐飲/旅宿,True
輝能科技股份有限公司,14,桃園市,20260611,,電信/媒體/科技,True
景碩科技股份有限公司,14,桃園市,20251111,,電信/媒體/科技,True
豆府股份有限公司,14,台北市,20260814,,其他,True
新北汽車客運股份有限公司,14,台北市,20260213,,客運/運輸,True
愛的世界股份有限公司,14,台北市,20260105,,其他,True
桃園航勤股份有限公司,14,桃園市,20260709,,其他,True
媚登峰健康事業股份有限公司,14,台北市,20240110,,其他,True
台西汽車客運股份有限公司,14,雲林縣,20250804,,客運/運輸,True
台灣挑戰者汽車保養修護有限公司,14,新北市,20260213,,其他,True
旗勝科技股份有限公司,14,台南市,20260310,,電信/媒體/科技,True
易昇鋼鐵股份有限公司,14,台南市,20250210,營造/工程/製造,其他,False
台灣國際公寓大廈管理維護有限公司,14,台中市,20260201,,其他,True
揚庭保全股份有限公司,14,桃園市,20260113,保全/物業/清潔,其他,False
維鷹特勤保全股份有限公司,14,桃園市,20260812,保全/物業/清潔,其他,False
大南汽車股份有限公司,14,台北市,20250214,,其他,True
統一速達股份有限公司,14,台北市,20180905,,其他,True
義美食品股份有限公司,14,桃園市,20240802,,餐飲/旅宿,True
中悅皇家保全股份有限公司,14,桃園市,20230504,保全/物業/清潔,其他,False
聯華食品工業股份有限公司,14,桃園市,20250510,,餐飲/旅宿,True
嘉信保全股份有限公司,14,桃園市,20260611,保全/物業/清潔,其他,False
嘉新事業有限公司,14,台北市,20251024,,其他,True
白金科技股份有限公司,14,桃園市,20260812,,電信/媒體/科技,True
宏達國際電子股份有限公司,14,桃園市,20211217,,電信/媒體/科技,True
港都汽車客運股份有限公司,14,高雄市,20260209,,客運/運輸,True
泰宣企業股份有限公司,14,國家科學及技術委員會南部科學園區,20260501,,其他,True
中勤實業股份有限公司,13,桃園市,20260611,,零售/量販/超商,True
一級棒國際物業管理有限公司,13,高雄市,20260812,保全/物業/清潔,其他,False
聯邦保全股份有限公司,13,台北市,20230905,保全/物業/清潔,其他,False
興南汽車客運股份有限公司,13,台南市,20250410,,客運/運輸,True
唯馨股份有限公司,13,花蓮縣,20251008,,其他,True
禾頡物流有限公司,13,台南市,20200810,,客運/運輸,True
國立台灣大學,13,台北市,20260313,學校/教育,其他,False
大潤發流通事業股份有限公司,13,台北市,20250214,,零售/量販/超商,True
長榮國際儲運股份有限公司,13,桃園市,20210604,,其他,True
鑫光金屬工業股份有限公司,13,桃園市,20260113,,其他,True
國雲公寓大廈管理維護股份有限公司,13,台北市,20260515,,其他,True
科園清潔有限公司,13,桃園市,20260515,保全/物業/清潔,其他,False
三五橡膠廠股份有限公司,13,彰化縣,20251114,,其他,True
龍翔保全股份有限公司,13,桃園市,20250905,保全/物業/清潔,其他,False
中悅尊爵保全股份有限公司,13,新竹縣,20260814,保全/物業/清潔,其他,False
世禾科技股份有限公司,13,台南市,20251111,,電信/媒體/科技,True
凱基商業銀行股份有限公司,13,台北市,20250305,,金融/保險,True
全勤流通管理股份有限公司,13,桃園市,20260211,,零售/量販/超商,True
富士達股份有限公司,13,台北市,20260105,,其他,True
台聯汽車客運股份有限公司,13,台北市,20240905,,客運/運輸,True
揚博科技股份有限公司,13,桃園市,20211207,,電信/媒體/科技,True
東森警備保全股份有限公司,13,桃園市,20260410,保全/物業/清潔,其他,False
宏泰電工股份有限公司,13,桃園市,20250708,,其他,True
東亞保全股份有限公司,13,南投縣,20250702,保全/物業/清潔,其他,False
台灣之星電信股份有限公司,13,台北市,20220408,,電信/媒體/科技,True
富胖達股份有限公司,13,台北市,20250106,,其他,True
可成科技股份有限公司,13,台南市,20260610,,電信/媒體/科技,True
台全電機股份有限公司,13,桃園市,20251007,,其他,True
豐田流通供應鏈物流有限公司,13,桃園市,20230206,,客運/運輸,True
晉茂機械五金有限公司,13,新北市,20250815,營造/工程/製造,其他,False
景山交通股份有限公司,13,桃園市,20251114,,其他,True
華新麗華股份有限公司,13,台南市,20260110,,其他,True
路易莎職人咖啡股份有限公司,13,新北市,20260610,,餐飲/旅宿,True
金像電子股份有限公司,13,桃園市,20260611,,電信/媒體/科技,True
豪泰汽車客運股份有限公司,13,台北市,20250805,,客運/運輸,True
佳世達科技股份有限公司,13,桃園市,20220504,,電信/媒體/科技,True
豐裕股份有限公司,12,新竹縣,20260804,,其他,True
星裕國際股份有限公司,12,台北市,20260109,,其他,True
財團法人伊甸社會福利基金會,12,高雄市,20260612,社福/宗教/公益,其他,False
佳總興業股份有限公司,12,桃園市,20260113,,其他,True
迎廣科技股份有限公司,12,桃園市,20240902,,電信/媒體/科技,True
金田餐飲股份有限公司,12,台北市,20240816,,餐飲/旅宿,True
華膳空廚股份有限公司,12,桃園市,20260209,,其他,True
華辰保全股份有限公司,12,新北市,20260213,保全/物業/清潔,其他,False
蜂群電子商務股份有限公司,12,新北市,20240816,,電信/媒體/科技,True
台北富邦商業銀行股份有限公司,12,台北市,20250502,,金融/保險,True
晨光興業有限公司,12,桃園市,20250708,,其他,True
普威實業股份有限公司,12,新北市,20260313,,零售/量販/超商,True
台光染整股份有限公司,12,桃園市,20220307,,其他,True
順立科技有限公司,12,桃園市,20210903,,電信/媒體/科技,True
星展(台灣)商業銀行股份有限公司,12,桃園市,20260513,,金融/保險,True
天威保全股份有限公司,12,桃園市,20250806,保全/物業/清潔,其他,False
壹傳媒電視廣播股份有限公司,12,台北市,20230807,,電信/媒體/科技,True
正隆股份有限公司,12,高雄市,20251210,,其他,True
歐艾斯保全股份有限公司,12,台北市,20211105,保全/物業/清潔,其他,False
威舜貨櫃通運股份有限公司,12,高雄市,20250509,,客運/運輸,True
淡水汽車客運股份有限公司,12,新北市,20260814,,客運/運輸,True
喬信保全股份有限公司,12,新北市,20250105,保全/物業/清潔,其他,False
嘉聯益科技股份有限公司,12,桃園市,20260410,,電信/媒體/科技,True
周氏蝦捲有限公司,12,台南市,20250317,,其他,True
家和保全股份有限公司,12,桃園市,20250603,保全/物業/清潔,其他,False
泰豐輪胎股份有限公司,12,桃園市,20220802,,其他,True
晶華國際酒店股份有限公司,12,台北市,20260510,,餐飲/旅宿,True
東慧國際諮詢顧問股份有限公司,12,台北市,20260615,,其他,True
居家維安保全股份有限公司,12,桃園市,20260310,保全/物業/清潔,其他,False
富邦媒體科技股份有限公司,12,台北市,20240816,,電信/媒體/科技,True
富貴鐘錶眼鏡有限公司,12,桃園市,20260113,,其他,True
富豐國際食品股份有限公司,12,新北市,20241018,,餐飲/旅宿,True
嘉賀公寓大廈管理維護有限公司,12,高雄市,20260515,,其他,True
力揚停車場設備股份有限公司,12,桃園市,20240506,,其他,True
全方衛保全股份有限公司,12,高雄市,20240206,保全/物業/清潔,其他,False
信昌電子陶瓷股份有限公司,12,桃園市,20241209,,電信/媒體/科技,True
國泰世華商業銀行股份有限公司,12,台北市,20221021,,金融/保險,True
大有巴士股份有限公司,12,台北市,20260313,,其他,True
立亞交通有限公司,12,桃園市,20250904,,其他,True
福華大飯店股份有限公司,12,台北市,20241104,,餐飲/旅宿,True
神鷹保全股份有限公司,12,桃園市,20250905,保全/物業/清潔,其他,False
義翔保全股份有限公司,12,台北市,20250106,保全/物業/清潔,其他,False
大都會汽車客運股份有限公司,12,台北市,20260102,,客運/運輸,True
駿彪通運有限公司,12,新北市,20250815,,客運/運輸,True
台灣三菱電梯股份有限公司,11,新竹縣,20260408,,其他,True
詮瑞福物流股份有限公司,11,桃園市,20251208,,客運/運輸,True
台安醫藥股份有限公司,11,台南市,20260814,,其他,True
台林電通股份有限公司,11,桃園市,20221206,,其他,True
豐隆大飯店股份有限公司,11,台北市,20260313,,餐飲/旅宿,True
茂訊電腦股份有限公司,11,桃園市,20241007,,其他,True
茂林光電科技股份有限公司,11,桃園市,20240205,,電信/媒體/科技,True
華晶科技股份有限公司,11,國家科學及技術委員會新竹科學園區,20260415,,電信/媒體/科技,True
勤讚保全股份有限公司,11,新北市,20260514,保全/物業/清潔,其他,False
萬金工業工程有限公司,11,台北市,20240223,營造/工程/製造,其他,False
可喜有限公司,11,新北市,20260710,,其他,True
台北市立聯合醫院,11,台北市,20260715,,醫院,True
台北汽車客運股份有限公司,11,台北市,20241220,,客運/運輸,True
金元福包裝企業股份有限公司,11,新北市,20250815,營造/工程/製造,其他,False
遠泰保全股份有限公司,11,台南市,20260710,保全/物業/清潔,其他,False
遠東航空股份有限公司,11,台北市,20200505,,客運/運輸,True
財團法人公共電視文化事業基金會,11,台北市,20260213,社福/宗教/公益,電信/媒體/科技,False
金格食品股份有限公司,11,桃園市,20260715,,餐飲/旅宿,True
金鑽保全股份有限公司,11,台南市,20251107,保全/物業/清潔,其他,False
亞旭電腦股份有限公司,11,新北市,20250620,,其他,True
亞太電信股份有限公司,11,桃園市,20240108,,電信/媒體/科技,True
聯全通運股份有限公司,11,桃園市,20210924,,客運/運輸,True
緯創資通股份有限公司,11,國家科學及技術委員會新竹科學園區,20260408,,其他,True
中環股份有限公司,11,桃園市,20230504,,其他,True
璨隆精密有限公司,11,桃園市,20260410,營造/工程/製造,其他,False
瑞昱半導體股份有限公司,11,科技部新竹科學園區,20260815,,電信/媒體/科技,True
神腦國際企業股份有限公司,11,桃園市,20190606,,其他,True
皇翔保全股份有限公司,11,新北市,20260710,保全/物業/清潔,其他,False
天辰保全股份有限公司,11,新北市,20260415,保全/物業/清潔,其他,False
創心醫電股份有限公司,11,國家科學及技術委員會新竹科學園區,20240905,,其他,True
首信保全股份有限公司,11,新北市,20230421,保全/物業/清潔,其他,False
鴻昌保全股份有限公司,11,桃園市,20251208,保全/物業/清潔,其他,False
大三重保全股份有限公司,11,新北市,20240816,保全/物業/清潔,其他,False
大洋保全股份有限公司,11,高雄市,20260810,保全/物業/清潔,其他,False
大山電線電纜股份有限公司,11,雲林縣,20251003,營造/工程/製造,其他,False
天下保全股份有限公司,11,台北市,20230818,保全/物業/清潔,其他,False
大無限健康事業股份有限公司,11,桃園市,20260709,,其他,True
堤維西交通工業股份有限公司,11,台南市,20250710,,其他,True
城欣科技股份有限公司,11,桃園市,20260410,,電信/媒體/科技,True
精武保全股份有限公司,11,桃園市,20240501,保全/物業/清潔,其他,False
新光人壽保險股份有限公司,11,新北市,20260515,,金融/保險,True
新天地國際實業股份有限公司,11,台北市,20260615,,零售/量販/超商,True
新加坡商傲勝全球股份有限公司,11,新北市,20251110,,其他,True
台灣科慕股份有限公司,11,桃園市,20230906,,其他,True
富邦人壽保險股份有限公司,11,高雄市,20220910,,金融/保險,True
怡盛公寓大廈管理維護股份有限公司,11,台北市,20250505,,其他,True
年代網際事業股份有限公司,11,台北市,20200103,,其他,True
三立電視股份有限公司,11,台北市,20240305,,電信/媒體/科技,True
詮宏空調系統服務股份有限公司,11,桃園市,20260513,,其他,True
褒綠美股份有限公司,11,新北市,20260313,,其他,True
東漢保全股份有限公司,11,桃園市,20241007,保全/物業/清潔,其他,False
捷利合人力資源管理顧問股份有限公司,11,桃園市,20230504,人力派遣/仲介,其他,False
有根人力資源股份有限公司,11,桃園市,20260505,人力派遣/仲介,其他,False
宏觀工業股份有限公司,11,桃園市,20200907,,其他,True
每一天調理食品有限公司,11,桃園市,20260113,,餐飲/旅宿,True
台灣高速鐵路股份有限公司,11,台北市,20230505,,客運/運輸,True
樹籽股份有限公司,11,桃園市,20260113,,其他,True
大恭化學工業股份有限公司,11,桃園市,20241007,,其他,True
允統塑膠工業股份有限公司,11,台南市,20250310,營造/工程/製造,其他,False
健策精密工業股份有限公司,11,桃園市,20200409,營造/工程/製造,其他,False
帝綸有限公司,11,南投縣,20240416,,其他,True
惠群保全股份有限公司,11,新北市,20241007,保全/物業/清潔,其他,False
惠明事業有限公司,11,桃園市,20210305,,其他,True
忠華保全事業股份有限公司,11,台北市,20240110,保全/物業/清潔,其他,False
德宏工業股份有限公司,11,桃園市,20260812,,其他,True
寶城保全股份有限公司,11,新北市,20250214,保全/物業/清潔,其他,False
衞安保全股份有限公司,10,新北市,20240705,保全/物業/清潔,其他,False
西北公寓大廈管理維護股份有限公司,10,新北市,20250214,,其他,True
明乾交通有限公司,10,桃園市,20220819,,其他,True
北基國際股份有限公司,10,新北市,20260213,,其他,True
勝威保全股份有限公司,10,高雄市,20241104,保全/物業/清潔,其他,False
力泰建設企業股份有限公司,10,新北市,20231215,營造/工程/製造,其他,False
銘廬保全股份有限公司,10,苗栗縣,20260815,保全/物業/清潔,其他,False
遠太公寓大廈管理維護有限公司,10,台南市,20220810,,其他,True
亞東工業氣體股份有限公司,10,桃園市,20260215,,其他,True
伯克錸公寓大廈管理維護股份有限公司,10,高雄市,20260812,,其他,True
金鼎建材企業有限公司,10,桃園市,20240501,,其他,True
金石堂圖書股份有限公司,10,台北市,20260105,,其他,True
亞太國際物流股份有限公司,10,高雄市,20260409,,客運/運輸,True
萬道工業股份有限公司,10,桃園市,20211006,,其他,True
韓商現代工程股份有限公司,10,桃園市,20240802,營造/工程/製造,其他,False
中鼎工程股份有限公司,10,高雄市,20251010,營造/工程/製造,其他,False
北部瓦斯股份有限公司,10,桃園市,20250905,,其他,True
莒光保全股份有限公司,10,桃園市,20240802,保全/物業/清潔,其他,False
萬國通路股份有限公司,10,台南市,20260110,,其他,True
匯姿股份有限公司,10,台北市,20260312,,其他,True
南一書局企業股份有限公司,10,新北市,20231020,,其他,True
南亞塑膠工業股份有限公司,10,桃園市,20251106,營造/工程/製造,其他,False
星陽貨運有限公司,10,桃園市,20240108,,客運/運輸,True
印田實業股份有限公司,10,桃園市,20260812,,零售/量販/超商,True
旺宏保全股份有限公司,10,新北市,20260313,保全/物業/清潔,其他,False
昌霖保全股份有限公司,10,桃園市,20260213,保全/物業/清潔,其他,False
和碩聯合科技股份有限公司,10,台北市,20210604,,電信/媒體/科技,True
欣美實業股份有限公司,10,南投縣,20250924,,零售/量販/超商,True
桃源保全股份有限公司,10,桃園市,20260310,保全/物業/清潔,其他,False
永裕塑膠工業股份有限公司,10,台南市,20251110,營造/工程/製造,其他,False
永利晟股份有限公司,10,桃園市,20210604,,其他,True
台灣湯淺電池股份有限公司,10,宜蘭縣,20260702,,其他,True
台灣東利多股份有限公司,10,台北市,20190905,,其他,True
家城股份有限公司,10,台北市,20220906,,其他,True
和大工業股份有限公司中科分公司,10,國家科學及技術委員會中部科學園區,20260601,,其他,True
桃苗汽車股份有限公司,10,桃園市,20251106,,其他,True
榮工工程股份有限公司,10,新北市,20260513,營造/工程/製造,其他,False
新店客運股份有限公司,10,台北市,20260710,,客運/運輸,True
慈惠實業有限公司,10,高雄市,20250407,,零售/量販/超商,True
東寧保全股份有限公司,10,新北市,20260612,保全/物業/清潔,其他,False
景榮通運股份有限公司,10,桃園市,20231201,,客運/運輸,True
山汰科技股份有限公司,10,台南市,20240110,,電信/媒體/科技,True
寒舍餐旅管理顧問股份有限公司,10,台北市,20260715,人力派遣/仲介,其他,False
廣明實業股份有限公司,10,桃園市,20231201,,零售/量販/超商,True
幸福公寓大廈管理維護股份有限公司,10,新北市,20260313,,其他,True
東森得易購股份有限公司,10,新北市,20250620,,其他,True
桃園市中壢區興國國民小學,10,桃園市,20181106,學校/教育,其他,False
沙爾德聖保祿修女會醫療財團法人聖保祿醫院,10,桃園市,20260611,,醫院,True
宇球國際興業有限公司,10,新北市,20250815,,其他,True
安捷企業股份有限公司,10,桃園市,20251007,,其他,True
安聯保全股份有限公司,10,花蓮縣,20260315,保全/物業/清潔,其他,False
海邊走走食品股份有限公司,10,新北市,20250421,,餐飲/旅宿,True
海天保全股份有限公司,10,桃園市,20230504,保全/物業/清潔,其他,False
浩瀚保全股份有限公司,10,台南市,20260710,保全/物業/清潔,其他,False
國產建材實業股份有限公司,10,桃園市,20260513,,零售/量販/超商,True
大新保全股份有限公司,10,高雄市,20260510,保全/物業/清潔,其他,False
大正保全股份有限公司,10,高雄市,20250409,保全/物業/清潔,其他,False
陸海股份有限公司,10,高雄市,20251008,,其他,True
國營台灣鐵路股份有限公司,10,嘉義市,20260415,,客運/運輸,True
理信股份有限公司,10,桃園市,20260611,,其他,True
清豐國際企業有限公司,10,新北市,20260410,,其他,True
理想大地股份有限公司,10,花蓮縣,20231107,,其他,True
外貿貨運有限公司,10,台北市,20260310,,客運/運輸,True
生活保全股份有限公司,10,桃園市,20260513,保全/物業/清潔,其他,False
統一超商股份有限公司,10,台北市,20200507,,零售/量販/超商,True
群創光電股份有限公司,10,國家科學及技術委員會南部科學園區,20260313,,電信/媒體/科技,True
群豐保全股份有限公司,10,新北市,20241018,保全/物業/清潔,其他,False
光洋應用材料科技股份有限公司,10,台南市,20250110,,電信/媒體/科技,True
允強實業股份有限公司,10,彰化縣,20260605,,零售/量販/超商,True
良朋農產有限公司,10,桃園市,20230906,,其他,True
聯崴生技股份有限公司,10,新北市,20260410,,其他,True
威秀影城股份有限公司,10,台南市,20260310,,其他,True
天廬育樂事業股份有限公司,10,南投縣,20260401,,其他,True
全達物流股份有限公司,10,高雄市,20251107,,客運/運輸,True
六福開發股份有限公司,10,台北市,20260408,,其他,True
中華工程股份有限公司,10,桃園市,20260215,營造/工程/製造,其他,False
中華警安保全股份有限公司,10,高雄市,20260810,保全/物業/清潔,其他,False
鬍鬚張股份有限公司,10,台北市,20241007,,其他,True
中興保全科技股份有限公司,10,台北市,20251208,保全/物業/清潔,電信/媒體/科技,False
鴻卓保全股份有限公司,10,新北市,20241018,保全/物業/清潔,其他,False
黑浮國際餐飲有限公司,10,高雄市,20251008,,餐飲/旅宿,True
七星花園旅館事業有限公司,10,桃園市,20251208,,餐飲/旅宿,True
中法興物流股份有限公司,10,高雄市,20251107,,客運/運輸,True
